product_id,name,description,price,stock_quantity
1,Past,Doctor wall bar recently citizen red traditional down best maintain energy anything.,522.38,215
2,Alone,Room born game particularly guy ten while evidence traditional myself.,841.00,119
3,Say,Stand similar season watch set himself power lay cost water force of.,260.33,294
4,Claim,Be right chance program professor century consider west heavy with page different.,978.03,3
5,Front,Else idea party accept so soldier some firm include guess possible pass left.,666.76,230
6,Option,Side yes soldier international quality fact hit stock issue.,627.44,160
7,Himself,Themselves per could certain accept very.,576.32,265
8,Choice,Decide main apply rather sell discuss upon.,400.67,57
9,Policy,Affect day through audience as population player less operation easy generation.,64.99,471
10,Baby,Eight likely name whole important either read fund present.,465.76,181
11,Pattern,Wait outside present mind organization finally meet sister.,703.10,246
12,Machine,Bar mention put nor rate much.,789.88,1
13,Home,Born under fish industry Republican process already accept hear staff yard community grow.,976.90,132
14,Simply,Nearly state send attorney develop air lose.,292.81,340
15,Among,From during write force southern police act.,878.11,54
16,Imagine,Next take Congress save newspaper heart should.,90.13,195
17,Head,Wrong stage strategy provide live contain explain professional off pattern just budget back well.,197.91,400
18,Order,First majority performance raise police information particularly wait bank however.,851.85,295
19,Or,Behavior day former body agree itself stock show I significant look.,963.31,415
20,Control,Nothing trip fight east check rich nor those.,507.94,74
21,Special,See garden relate charge stuff main appear total run relate century.,173.74,419
22,Unit,Sell degree least miss set draw fish.,152.63,3
23,Although,Capital why stand feeling young daughter.,455.12,367
24,Happy,Five local without wind full among agency city top.,918.93,281
25,Guess,Imagine property simply guess memory role now service doctor be.,66.71,13
26,Listen,Reality machine rock on finally concern apply current area card than family.,536.62,255
27,Human,Since now clear method follow professor red.,642.90,72
28,Detail,Condition ok carry data believe kind.,207.41,32
29,Outside,Itself into box policy community campaign consider miss large condition special camera herself.,52.16,77
30,Camera,Main best vote here if general tough executive.,137.19,393
31,Method,Spend win perhaps five seat avoid today enjoy.,891.48,350
32,Tonight,True recognize capital military discussion save notice according star glass pressure.,766.47,396
33,Fact,Election history whatever note nor thousand least oil smile little themselves thus into.,188.52,328
34,They,Every miss suggest house draw eight interest know entire sort ahead out.,572.88,268
35,Tonight,Us class artist build summer father accept throughout upon.,898.94,482
36,Economic,Yes last work lay wind fund beyond.,798.75,363
37,They,Space national range television pressure before experience.,601.05,212
38,Model,Do after ready hotel catch miss miss class.,864.11,344
39,Public,Suddenly something pay analysis name exist appear example admit face.,218.06,319
40,Attorney,Forward crime tough defense position person maintain college commercial or.,881.83,108
41,Always,Blood read recognize these perform politics certain such he that almost heart far.,134.05,104
42,Give,Reality traditional close alone let affect fish body student party approach tend central.,600.41,313
43,Garden,Theory necessary positive learn down authority force life.,943.88,418
44,Customer,Fish dark couple up again surface.,305.11,13
45,Them,Professional resource sort suggest necessary road design near customer much.,259.58,411
46,People,His number college say white economic allow need write age that both.,89.27,287
47,Security,Wonder meet marriage of across in economy take be.,885.37,123
48,Difficult,Discussion rate nor pay modern already director nice particularly military war gas million.,568.41,14
49,By,Far couple great TV right scientist Congress fly his risk.,103.24,18
50,Six,Scene carry simple dinner arm listen him.,837.89,223
